Title,Price,Rating,Amount + Tax,Reviews,Category
A Light in the Attic,£51.77,3,22+£0.00,0,Poetry
Tipping the Velvet,£53.74,1,20+£0.00,0,Historical Fiction
Soumission,£50.10,1,20+£0.00,0,Fiction
Sharp Objects,£47.82,4,20+£0.00,0,Mystery
Sapiens,£54.23,5,20+£0.00,0,History
The Requiem Red,£22.65,1,19+£0.00,0,Young Adult
The Dirty Little Secrets of Getting Your Dream Job,£33.34,4,19+£0.00,0,Business
The Coming Woman,£17.93,3,19+£0.00,0,Default
The Boys in the Boat,£22.60,4,19+£0.00,0,Default
The Black Maria,£52.15,1,19+£0.00,0,Poetry
Starving Hearts ,£13.99,2,19+£0.00,0,Default
Shakespeare's Sonnets,£20.66,4,19+£0.00,0,Poetry
Set Me Free,£17.46,5,19+£0.00,0,Young Adult
Scott Pilgrim's Precious Little Life ,£52.29,5,19+£0.00,0,Sequential Art
Rip it Up and Start Again,£35.02,5,19+£0.00,0,Music
Our Band Could Be Your Life,£57.25,3,19+£0.00,0,Music
Olio,£23.88,1,19+£0.00,0,Poetry
Mesaerion,£37.59,1,19+£0.00,0,Science Fiction
Libertarianism for Beginners,£51.33,2,19+£0.00,0,Politics
It's Only the Himalayas,£45.17,2,19+£0.00,0,Travel
In Her Wake,£12.84,1,19+£0.00,0,Thriller
How Music Works,£37.32,2,19+£0.00,0,Music
Foolproof Preserving,£30.52,3,19+£0.00,0,Food and Drink
Chase Me ,£25.27,5,19+£0.00,0,Romance
Black Dust,£34.53,5,19+£0.00,0,Romance
Birdsong,£54.64,3,19+£0.00,0,Childrens
America's Cradle of Quarterbacks,£22.50,3,19+£0.00,0,Default
Aladdin and His Wonderful Lamp,£53.13,3,19+£0.00,0,Default
Worlds Elsewhere,£40.30,5,18+£0.00,0,Nonfiction
Wall and Piece,£44.18,4,18+£0.00,0,Art
The Four Agreements,£17.66,5,18+£0.00,0,Spirituality
The Five Love Languages,£31.05,3,18+£0.00,0,Nonfiction
The Elephant Tree,£23.82,5,18+£0.00,0,Thriller
The Bear and the Piano,£36.89,1,18+£0.00,0,Childrens
Sophie's World,£15.94,5,18+£0.00,0,Philosophy
Penny Maybe,£33.29,3,18+£0.00,0,Default
Maude ,£18.02,2,18+£0.00,0,Default
"In a Dark, Dark Wood",£19.63,1,18+£0.00,0,Mystery
Behind Closed Doors,£52.22,4,18+£0.00,0,Thriller
You can't bury them all,£33.63,2,17+£0.00,0,Poetry
Slow States of Collapse,£57.31,3,17+£0.00,0,Poetry
Reasons to Stay Alive,£26.41,2,17+£0.00,0,Nonfiction
Private Paris ,£47.61,5,17+£0.00,0,Fiction
#HigherSelfie,£23.11,5,17+£0.00,0,Nonfiction
Without Borders ,£45.07,2,16+£0.00,0,New Adult
When We Collided,£31.77,1,16+£0.00,0,Contemporary
"We Love You, Charlie Freeman",£50.27,5,16+£0.00,0,Fiction
Untitled Collection,£14.27,4,16+£0.00,0,Poetry
Unseen City,£44.18,4,16+£0.00,0,Nonfiction
Unicorn Tracks,£18.78,3,16+£0.00,0,Fantasy
Unbound,£25.52,1,16+£0.00,0,History
Tsubasa,£16.28,1,16+£0.00,0,Sequential Art
Throwing Rocks at the Google Bus,£31.12,3,16+£0.00,0,Nonfiction
This One Summer,£19.49,4,16+£0.00,0,Sequential Art
Thirst,£17.27,5,16+£0.00,0,Fiction
The Torch Is Passed,£19.09,1,16+£0.00,0,Add a comment
The Secret of Dreadwillow Carse,£56.13,1,16+£0.00,0,Childrens
The Pioneer Woman Cooks,£56.41,1,16+£0.00,0,Food and Drink
The Past Never Ends,£56.50,4,16+£0.00,0,Mystery
The Natural History of Us ,£45.22,3,16+£0.00,0,Young Adult
The Nameless City ,£38.16,4,16+£0.00,0,Sequential Art
The Murder That Never Was ,£54.11,3,16+£0.00,0,Fiction
The Most Perfect Thing,£42.96,4,16+£0.00,0,Science
The Mindfulness and Acceptance Workbook for Anxiety,£23.89,4,16+£0.00,0,Add a comment
The Life-Changing Magic of Tidying Up,£16.77,3,16+£0.00,0,Nonfiction
The Inefficiency Assassin,£20.59,5,16+£0.00,0,Default
The Gutsy Girl,£37.13,1,16+£0.00,0,Nonfiction
The Electric Pencil,£56.06,1,16+£0.00,0,Nonfiction
The Death of Humanity,£58.11,4,16+£0.00,0,Philosophy
The Bulletproof Diet,£49.05,3,16+£0.00,0,Health
The Art Forger,£40.76,3,16+£0.00,0,Add a comment
The Age of Genius,£19.73,1,16+£0.00,0,History
The Activist's Tao Te Ching,£32.24,5,16+£0.00,0,Spirituality
Spark Joy,£41.83,4,16+£0.00,0,Nonfiction
Soul Reader,£39.58,2,16+£0.00,0,Default
Security,£39.25,2,16+£0.00,0,Horror
"Saga, Volume 6 ",£25.02,3,16+£0.00,0,Fantasy
"Saga, Volume 5 ",£51.04,2,16+£0.00,0,Sequential Art
Reskilling America,£19.83,2,16+£0.00,0,Nonfiction
"Rat Queens, Vol",£50.40,3,16+£0.00,0,Sequential Art
"Princess Jellyfish 2-in-1 Omnibus, Vol",£13.61,5,16+£0.00,0,Sequential Art
Princess Between Worlds ,£13.34,5,16+£0.00,0,Fantasy
"Pop Gun War, Volume 1",£18.97,1,16+£0.00,0,Sequential Art
Political Suicide,£36.28,2,16+£0.00,0,History
Patience,£10.16,3,16+£0.00,0,Sequential Art
"Outcast, Vol",£15.44,4,16+£0.00,0,Sequential Art
orange,£48.41,1,16+£0.00,0,Sequential Art
Online Marketing for Busy Authors,£46.35,1,16+£0.00,0,Self Help
On a Midnight Clear,£14.07,3,16+£0.00,0,Add a comment
Obsidian ,£14.86,2,16+£0.00,0,Young Adult
My Paris Kitchen,£33.37,2,16+£0.00,0,Food and Drink
Masks and Shadows,£56.40,2,16+£0.00,0,Fantasy
Mama Tried,£14.02,4,16+£0.00,0,Food and Drink
"Lumberjanes, Vol",£46.91,2,16+£0.00,0,Sequential Art
"Lumberjanes, Vol",£45.61,3,16+£0.00,0,Sequential Art
Lumberjanes Vol,£19.92,2,16+£0.00,0,Sequential Art
Layered,£40.11,1,16+£0.00,0,Food and Drink
Judo,£53.90,2,16+£0.00,0,Add a comment
Join,£35.67,5,16+£0.00,0,Science Fiction
In the Country We Love,£22.00,4,16+£0.00,0,Nonfiction
Immunity,£57.36,5,16+£0.00,0,Science
"I Hate Fairyland, Vol",£29.17,2,16+£0.00,0,Sequential Art
I am a Hero Omnibus Volume 1,£54.63,3,16+£0.00,0,Sequential Art
How to Be Miserable,£46.03,1,16+£0.00,0,Self Help
Her Backup Boyfriend ,£33.97,1,16+£0.00,0,Romance
"Giant Days, Vol",£22.11,2,16+£0.00,0,Sequential Art
Forever and Forever,£29.69,3,16+£0.00,0,Historical Fiction
First and First ,£15.97,4,16+£0.00,0,Romance
Fifty Shades Darker ,£21.96,1,16+£0.00,0,Romance
Everydata,£54.35,2,16+£0.00,0,Nonfiction
Don't Be a Jerk,£37.97,2,16+£0.00,0,Religion
Danganronpa Volume 1,£51.99,4,16+£0.00,0,Sequential Art
Crown of Midnight ,£43.29,3,16+£0.00,0,Fantasy
"Codename Baboushka, Volume 1",£36.72,4,16+£0.00,0,Sequential Art
Camp Midnight,£17.08,4,16+£0.00,0,Sequential Art
Call the Nurse,£29.14,5,16+£0.00,0,Nonfiction
Burning,£28.81,3,16+£0.00,0,Young Adult
Bossypants,£49.46,2,16+£0.00,0,Default
"Bitch Planet, Vol",£37.92,2,16+£0.00,0,Sequential Art
Avatar,£28.09,2,16+£0.00,0,Fantasy
Algorithms to Live By,£30.81,1,16+£0.00,0,Nonfiction
A World of Flavor,£42.95,1,16+£0.00,0,Default
"A Piece of Sky, a Grain of Rice",£56.76,5,16+£0.00,0,Default
A Murder in Time,£16.64,1,16+£0.00,0,Mystery
A Flight of Arrows ,£55.53,5,16+£0.00,0,Historical Fiction
A Fierce and Subtle Poison,£28.13,4,16+£0.00,0,Young Adult
A Court of Thorns and Roses ,£52.37,1,16+£0.00,0,Fantasy
You Are What You Love,£21.87,4,15+£0.00,0,Religion
William Shakespeare's Star Wars,£43.30,4,15+£0.00,0,Science Fiction
Tuesday Nights in 1980,£21.04,2,15+£0.00,0,Fiction
Tracing Numbers on a Train,£41.60,3,15+£0.00,0,Default
Throne of Glass ,£35.07,3,15+£0.00,0,Fantasy
Thomas Jefferson and the Tripoli Pirates,£59.64,1,15+£0.00,0,History
Thirteen Reasons Why,£52.72,1,15+£0.00,0,Default
The White Cat and the Monk,£58.08,4,15+£0.00,0,Childrens
The Wedding Dress,£24.12,1,15+£0.00,0,Romance
The Vacationers,£42.15,4,15+£0.00,0,Fiction
The Third Wave,£12.61,5,15+£0.00,0,Business
The Stranger,£17.44,4,15+£0.00,0,Philosophy
The Shadow Hero ,£33.14,1,15+£0.00,0,Sequential Art
The Secret ,£27.37,4,15+£0.00,0,Default
The Regional Office Is Under Attack,£51.36,5,15+£0.00,0,Fiction
The Psychopath Test,£36.00,2,15+£0.00,0,Default
The Project,£10.65,1,15+£0.00,0,Science Fiction
The Power of Now,£43.54,2,15+£0.00,0,Nonfiction
The Omnivore's Dilemma,£38.21,2,15+£0.00,0,Nonfiction
The Nerdy Nummies Cookbook,£37.34,5,15+£0.00,0,Food and Drink
The Murder of Roger Ackroyd ,£44.10,4,15+£0.00,0,Mystery
The Mistake ,£43.29,3,15+£0.00,0,New Adult
The Matchmaker's Playbook ,£55.85,1,15+£0.00,0,New Adult
The Love and Lemons Cookbook,£37.60,2,15+£0.00,0,Food and Drink
The Long Shadow of Small Ghosts,£10.97,1,15+£0.00,0,Crime
The Kite Runner,£41.82,4,15+£0.00,0,Default
The House by the Lake,£36.95,1,15+£0.00,0,Historical Fiction
The Glittering Court ,£44.28,1,15+£0.00,0,Fantasy
The Girl on the Train,£55.02,2,15+£0.00,0,Default
The Genius of Birds,£17.24,1,15+£0.00,0,Nonfiction
The Emerald Mystery,£23.15,2,15+£0.00,0,Default
The Cookies & Cups Cookbook,£41.25,1,15+£0.00,0,Food and Drink
The Bridge to Consciousness,£32.00,3,15+£0.00,0,Default
The Artist's Way,£38.49,5,15+£0.00,0,Nonfiction
The Art of War,£33.34,5,15+£0.00,0,Default
The Argonauts,£10.93,2,15+£0.00,0,Autobiography
The 10% Entrepreneur,£27.55,3,15+£0.00,0,Business
Suddenly in Love ,£55.99,2,15+£0.00,0,Romance
Something More Than This,£16.24,4,15+£0.00,0,Romance
Soft Apocalypse,£26.12,2,15+£0.00,0,Science Fiction
So You've Been Publicly Shamed,£12.23,2,15+£0.00,0,Nonfiction
Shoe Dog,£23.99,2,15+£0.00,0,Business
"Shobu Samurai, Project Aryoku ",£29.06,3,15+£0.00,0,Add a comment
Secrets and Lace ,£20.27,1,15+£0.00,0,Default
Scarlett Epstein Hates It Here,£43.55,5,15+£0.00,0,Young Adult
Romero and Juliet,£36.94,1,15+£0.00,0,Default
Redeeming Love,£20.47,5,15+£0.00,0,Christian Fiction
Poses for Artists Volume 1 - Dynamic and Sitting Poses,£41.06,1,15+£0.00,0,Default
Poems That Make Grown Women Cry,£14.19,4,15+£0.00,0,Poetry
"Nightingale, Sing",£38.28,1,15+£0.00,0,Young Adult
Night Sky with Exit Wounds,£41.05,1,15+£0.00,0,Poetry
Mrs,£30.25,5,15+£0.00,0,Historical Fiction
Modern Romance,£28.26,5,15+£0.00,0,Add a comment
Miss Peregrineâs Home for Peculiar Children ,£10.76,1,15+£0.00,0,Default
Louisa,£16.85,2,15+£0.00,0,Biography
Little Red,£13.47,3,15+£0.00,0,Childrens
Library of Souls ,£48.56,5,15+£0.00,0,Young Adult
Large Print Heart of the Pride,£19.15,2,15+£0.00,0,Default
I Had a Nice Time And Other Lies,£57.36,4,15+£0.00,0,Womens Fiction
Hollow City ,£42.98,1,15+£0.00,0,Fantasy
Grumbles,£22.16,2,15+£0.00,0,Default
Full Moon over Noahâs Ark,£49.43,4,15+£0.00,0,Travel
Frostbite ,£29.99,5,15+£0.00,0,Young Adult
Follow You Home,£21.36,1,15+£0.00,0,Horror
First Steps for New Christians ,£29.00,1,15+£0.00,0,Default
Finders Keepers ,£53.53,5,15+£0.00,0,Fiction
"Fables, Vol",£41.62,4,15+£0.00,0,Sequential Art
Eureka Trivia 6,£54.59,4,15+£0.00,0,Default
Drive,£34.95,4,15+£0.00,0,Default
Done Rubbed Out ,£37.72,5,15+£0.00,0,Default
Doing It Over ,£35.61,3,15+£0.00,0,Romance
Deliciously Ella Every Day,£42.16,3,15+£0.00,0,Food and Drink
Dark Notes,£19.19,5,15+£0.00,0,Erotica
Daring Greatly,£19.43,3,15+£0.00,0,Nonfiction
Close to You,£49.46,4,15+£0.00,0,Christian Fiction
Chasing Heaven,£37.80,2,15+£0.00,0,Spirituality
Big Magic,£30.80,3,15+£0.00,0,Nonfiction
Becoming Wise,£27.43,2,15+£0.00,0,Nonfiction
Beauty Restored ,£11.11,2,15+£0.00,0,Default
Batman,£36.50,2,15+£0.00,0,Sequential Art
Batman,£15.38,5,15+£0.00,0,Sequential Art
Ayumi's Violin,£15.48,2,15+£0.00,0,Default
Anonymous,£46.82,4,15+£0.00,0,Default
Amy Meets the Saints and Sages,£18.46,3,15+£0.00,0,Default
Amid the Chaos,£36.58,1,15+£0.00,0,Cultural
Amatus,£50.54,5,15+£0.00,0,Default
Agnostic,£12.51,5,15+£0.00,0,Nonfiction
Zealot,£24.70,3,14+£0.00,0,History
You ,£43.61,5,14+£0.00,0,Thriller
Wonder Woman,£37.34,4,14+£0.00,0,Sequential Art
Wild Swans,£14.36,2,14+£0.00,0,Young Adult
Why the Right Went Wrong,£52.65,4,14+£0.00,0,Politics
Whole Lotta Creativity Going On,£38.20,4,14+£0.00,0,Nonfiction
What's It Like in Space,£19.60,2,14+£0.00,0,Nonfiction
"We Are Robin, Vol",£53.90,1,14+£0.00,0,Sequential Art
Walt Disney's Alice in Wonderland,£12.96,5,14+£0.00,0,Childrens
V for Vendetta ,£37.10,4,14+£0.00,0,Default
Until Friday Night ,£46.31,2,14+£0.00,0,Young Adult
Unbroken,£45.95,2,14+£0.00,0,Default
Twenty Yawns,£22.08,2,14+£0.00,0,Childrens
Through the Woods,£25.38,2,14+£0.00,0,Sequential Art
This Is Where It Ends,£27.12,2,14+£0.00,0,Young Adult
The Year of Magical Thinking,£43.04,2,14+£0.00,0,Nonfiction
The Wright Brothers,£56.80,4,14+£0.00,0,Default
The White Queen ,£25.91,5,14+£0.00,0,Add a comment
The Wedding Pact ,£32.61,3,14+£0.00,0,Romance
The Time Keeper,£27.88,5,14+£0.00,0,Fiction
The Testament of Mary,£52.67,4,14+£0.00,0,Fiction
The Star-Touched Queen,£46.02,5,14+£0.00,0,Fantasy
The Songs of the Gods,£44.48,5,14+£0.00,0,Default
The Song of Achilles,£37.40,5,14+£0.00,0,Add a comment
The Rosie Project ,£54.04,1,14+£0.00,0,Default
The Power of Habit,£16.88,3,14+£0.00,0,Default
The Marriage of Opposites,£28.08,4,14+£0.00,0,Historical Fiction
The Lucifer Effect,£10.40,1,14+£0.00,0,Psychology
The Long Haul ,£44.07,1,14+£0.00,0,Humor
The Loney,£23.40,1,14+£0.00,0,Horror
The Literature Book ,£17.43,3,14+£0.00,0,Nonfiction
The Last Mile ,£54.21,2,14+£0.00,0,Mystery
The Immortal Life of Henrietta Lacks,£40.67,2,14+£0.00,0,Add a comment
The Hidden Oracle ,£52.26,2,14+£0.00,0,Fantasy
The Help Yourself Cookbook for Kids,£28.77,3,14+£0.00,0,Food and Drink
The Guilty ,£13.82,2,14+£0.00,0,Thriller
The First Hostage ,£25.85,3,14+£0.00,0,Fiction
The Dovekeepers,£48.78,1,14+£0.00,0,Add a comment
The Darkest Lie,£35.35,5,14+£0.00,0,Young Adult
The Bane Chronicles ,£44.73,4,14+£0.00,0,Fantasy
The Bad-Ass Librarians of Timbuktu,£15.77,1,14+£0.00,0,Nonfiction
The 14th Colony ,£39.24,1,14+£0.00,0,Thriller
That Darkness ,£13.92,1,14+£0.00,0,Mystery
Tastes Like Fear ,£10.69,1,14+£0.00,0,Mystery
Take Me with You,£45.21,3,14+£0.00,0,Fiction
Swell,£45.58,1,14+£0.00,0,Nonfiction
Superman Vol,£11.89,5,14+£0.00,0,Sequential Art
Still Life with Bread Crumbs,£26.41,3,14+£0.00,0,Fiction
Steve Jobs,£39.50,5,14+£0.00,0,Default
Sorting the Beef from the Bull,£44.74,4,14+£0.00,0,Science
Someone Like You ,£52.79,5,14+£0.00,0,Contemporary
So Cute It Hurts,£35.43,4,14+£0.00,0,Sequential Art
Shtum,£55.84,4,14+£0.00,0,Fiction
See America,£48.87,3,14+£0.00,0,Travel
salt,£46.78,4,14+£0.00,0,Poetry
Robin War,£47.82,3,14+£0.00,0,Sequential Art
"Red Hood/Arsenal, Vol",£25.48,2,14+£0.00,0,Sequential Art
Rain Fish,£23.57,3,14+£0.00,0,Childrens
Quarter Life Poetry,£50.89,5,14+£0.00,0,Poetry
Pet Sematary,£10.56,3,14+£0.00,0,Horror
Overload,£52.15,3,14+£0.00,0,Self Help
Once Was a Time,£18.28,2,14+£0.00,0,Childrens
Old School ,£11.83,5,14+£0.00,0,Humor
No Dream Is Too High,£21.95,2,14+£0.00,0,Nonfiction
Naruto ,£38.39,2,14+£0.00,0,Sequential Art
My Name Is Lucy Barton,£41.56,1,14+£0.00,0,Fiction
My Mrs,£24.48,3,14+£0.00,0,Fiction
My Kind of Crazy,£40.36,1,14+£0.00,0,Young Adult
Mr,£28.90,1,14+£0.00,0,Fiction
More Than Music ,£37.61,2,14+£0.00,0,Add a comment
Made to Stick,£38.85,5,14+£0.00,0,Business
Luis Paints the World,£53.95,3,14+£0.00,0,Childrens
Luckiest Girl Alive,£49.83,3,14+£0.00,0,Default
Lowriders to the Center of the Earth ,£51.51,2,14+£0.00,0,Sequential Art
Love Is a Mix Tape ,£18.03,1,14+£0.00,0,Music
Looking for Lovely,£29.14,5,14+£0.00,0,Nonfiction
Living Leadership by Insight,£46.91,4,14+£0.00,0,Default
Let It Out,£26.79,5,14+£0.00,0,Nonfiction
Lady Midnight ,£16.28,5,14+£0.00,0,Default
It's All Easy,£19.55,1,14+£0.00,0,Food and Drink
Island of Dragons ,£29.65,1,14+£0.00,0,Fantasy
I Know What I'm Doing -- and Other Lies I Tell Myself,£25.98,4,14+£0.00,0,Humor
I Am Pilgrim ,£10.60,4,14+£0.00,0,Fiction
Hyperbole and a Half,£14.75,5,14+£0.00,0,Humor
"Hush, Hush ",£47.02,3,14+£0.00,0,Default
Hold Your Breath ,£28.82,1,14+£0.00,0,Romance
Hamilton,£58.79,3,14+£0.00,0,Nonfiction
Greek Mythic History,£10.23,5,14+£0.00,0,Default
God,£30.03,5,14+£0.00,0,Religion
Glory over Everything,£45.84,3,14+£0.00,0,Historical Fiction
Feathers,£49.05,3,14+£0.00,0,Art
Far & Away,£15.06,4,14+£0.00,0,Nonfiction
Every Last Word,£46.47,3,14+£0.00,0,Default
Eligible ,£27.09,3,14+£0.00,0,Fiction
El Deafo,£57.62,5,14+£0.00,0,Sequential Art
Eight Hundred Grapes,£14.39,4,14+£0.00,0,Fiction
Eaternity,£51.75,5,14+£0.00,0,Nonfiction
"Eat Fat, Get Thin",£54.07,2,14+£0.00,0,Health
Don't Get Caught,£55.35,1,14+£0.00,0,Young Adult
Doctor Sleep ,£40.12,2,14+£0.00,0,Horror
Demigods & Magicians,£37.51,5,14+£0.00,0,Fantasy
Dear Mr,£11.21,5,14+£0.00,0,Fiction
Daily Fantasy Sports,£36.58,1,14+£0.00,0,Default
Crazy Love,£47.72,2,14+£0.00,0,Christian
Cometh the Hour ,£25.01,3,14+£0.00,0,Fiction
Code Name Verity ,£22.13,4,14+£0.00,0,Add a comment
Clockwork Angel ,£44.14,1,14+£0.00,0,Default
City of Glass ,£56.02,4,14+£0.00,0,Fantasy
City of Fallen Angels ,£11.23,4,14+£0.00,0,Default
City of Bones ,£43.28,1,14+£0.00,0,Default
City of Ashes ,£47.27,1,14+£0.00,0,Default
Cell,£20.29,4,14+£0.00,0,Add a comment
Catching Jordan ,£50.83,3,14+£0.00,0,Young Adult
"Carry On, Warrior",£31.85,3,14+£0.00,0,Default
Carrie,£46.23,2,14+£0.00,0,Default
Buying In,£37.80,4,14+£0.00,0,Nonfiction
Brain on Fire,£49.32,5,14+£0.00,0,Nonfiction
Batman,£32.01,2,14+£0.00,0,Sequential Art
Barefoot Contessa Back to Basics,£28.01,1,14+£0.00,0,Food and Drink
Barefoot Contessa at Home,£50.62,5,14+£0.00,0,Food and Drink
Balloon Animals,£17.03,3,14+£0.00,0,Fiction
Art Ops Vol,£48.80,3,14+£0.00,0,Sequential Art
Aristotle and Dante Discover the Secrets of the Universe ,£58.14,4,14+£0.00,0,Young Adult
Angels Walking ,£34.20,2,14+£0.00,0,Add a comment
Angels & Demons ,£51.48,3,14+£0.00,0,Default
All the Light We Cannot See,£29.87,5,14+£0.00,0,Historical
Adulthood Is a Myth,£10.90,2,14+£0.00,0,Sequential Art
Abstract City,£56.37,5,14+£0.00,0,Nonfiction
A Time of Torment ,£48.35,5,14+£0.00,0,Mystery
A Study in Scarlet ,£16.73,2,14+£0.00,0,Mystery
A Series of Catastrophes and Miracles,£56.48,2,14+£0.00,0,Add a comment
A People's History of the United States,£40.79,2,14+£0.00,0,Add a comment
A Man Called Ove,£39.72,1,14+£0.00,0,Fiction
A Distant Mirror,£14.58,3,14+£0.00,0,History
A Brush of Wings ,£55.51,1,14+£0.00,0,Add a comment
1491,£21.80,3,14+£0.00,0,History
"The Three Searches, Meaning, and the Story",£13.33,3,13+£0.00,0,Default
Searching for Meaning in Gailana,£38.73,1,13+£0.00,0,Fantasy
Rook,£37.86,4,13+£0.00,0,Add a comment
My Kitchen Year,£11.53,2,13+£0.00,0,Food and Drink
13 Hours,£27.06,1,13+£0.00,0,Nonfiction
Will You Won't You Want Me,£13.86,3,12+£0.00,0,Womens Fiction
Tipping Point for Planet Earth,£37.55,1,12+£0.00,0,Science
The Star-Touched Queen,£32.30,5,12+£0.00,0,Fantasy
The Silent Sister ,£46.29,5,12+£0.00,0,Fiction
The Midnight Watch,£26.20,1,12+£0.00,0,Add a comment
The Lonely City,£33.26,2,12+£0.00,0,Nonfiction
The Gray Rhino,£59.15,4,12+£0.00,0,Add a comment
The Golden Condom,£39.43,1,12+£0.00,0,Psychology
The Epidemic ,£14.44,5,12+£0.00,0,Young Adult
The Dinner Party,£56.54,2,12+£0.00,0,Fiction
The Diary of a Young Girl,£59.90,3,12+£0.00,0,Nonfiction
The Children,£11.88,3,12+£0.00,0,Add a comment
Stars Above ,£48.05,2,12+£0.00,0,Young Adult
Snatched,£21.21,3,12+£0.00,0,Nonfiction
Raspberry Pi Electronics Projects for the Evil Genius,£49.67,4,12+£0.00,0,Default
Quench Your Own Thirst,£43.14,1,12+£0.00,0,Business
Psycho,£36.97,5,12+£0.00,0,Horror
Poisonous ,£26.80,3,12+£0.00,0,Mystery
One with You ,£15.71,4,12+£0.00,0,Add a comment
No Love Allowed ,£54.65,4,12+£0.00,0,Young Adult
Murder at the 42nd Street Library ,£54.36,4,12+£0.00,0,Mystery
Most Wanted,£35.28,3,12+£0.00,0,Mystery
"Love, Lies and Spies",£20.55,2,12+£0.00,0,Historical Fiction
How to Speak Golf,£58.32,5,12+£0.00,0,Default
Hide Away ,£11.84,1,12+£0.00,0,Mystery
Furiously Happy,£41.46,4,12+£0.00,0,Nonfiction
Everyday Italian,£20.10,5,12+£0.00,0,Food and Drink
Equal Is Unfair,£56.86,1,12+£0.00,0,Politics
Eleanor & Park,£56.51,5,12+£0.00,0,Default
Dirty ,£40.83,4,12+£0.00,0,Romance
Can You Keep a Secret,£48.64,1,12+£0.00,0,Horror
Boar Island ,£59.48,3,12+£0.00,0,Mystery
A Paris Apartment,£39.01,4,12+£0.00,0,Historical Fiction
A la Mode,£38.77,1,12+£0.00,0,Food and Drink
Troublemaker,£48.39,2,11+£0.00,0,Default
The Widow,£27.26,2,11+£0.00,0,Mystery
The Sleep Revolution,£11.68,4,11+£0.00,0,Nonfiction
The Improbability of Love,£59.45,1,11+£0.00,0,Fiction
The Art of Startup Fundraising,£21.00,3,11+£0.00,0,Business
Take Me Home Tonight ,£53.98,3,11+£0.00,0,Romance
Sleeping Giants ,£48.74,1,11+£0.00,0,Science Fiction
Setting the World on Fire,£21.15,2,11+£0.00,0,Biography
Playing with Fire,£13.71,3,11+£0.00,0,Mystery
Off the Hook ,£47.67,3,11+£0.00,0,Romance
Mothering Sunday,£13.34,2,11+£0.00,0,Fiction
"Mother, Can You Not",£16.89,5,11+£0.00,0,Nonfiction
M Train,£27.18,1,11+£0.00,0,Autobiography
Lilac Girls,£17.28,2,11+£0.00,0,Historical Fiction
Lies and Other Acts of Love,£45.14,1,11+£0.00,0,Fiction
Lab Girl,£40.85,1,11+£0.00,0,Autobiography
Keep Me Posted,£20.46,4,11+£0.00,0,Womens Fiction
It Didn't Start with You,£56.27,3,11+£0.00,0,Psychology
Grey ,£48.49,4,11+£0.00,0,Womens Fiction
"Exit, Pursued by a Bear",£51.34,4,11+£0.00,0,Young Adult
Daredevils,£16.34,3,11+£0.00,0,Fiction
Cravings,£20.50,3,11+£0.00,0,Food and Drink
Born for This,£21.59,5,11+£0.00,0,Business
Arena,£21.36,4,11+£0.00,0,Science Fiction
Adultery,£20.88,5,11+£0.00,0,Default
A Mother's Reckoning,£19.53,3,11+£0.00,0,Nonfiction
A Gentleman's Position ,£14.75,5,11+£0.00,0,Romance
11/22/63,£48.48,3,11+£0.00,0,Fiction
10% Happier,£24.57,2,10+£0.00,0,Nonfiction
10-Day Green Smoothie Cleanse,£49.71,5,10+£0.00,0,Health
Without Shame,£48.27,5,9+£0.00,0,Add a comment
Watchmen,£58.05,4,9+£0.00,0,Add a comment
Unlimited Intuition Now,£58.87,4,9+£0.00,0,Default
Underlying Notes,£11.82,2,9+£0.00,0,Default
The Shack,£28.03,1,9+£0.00,0,Fiction
The New Brand You,£44.05,5,9+£0.00,0,Default
The Moosewood Cookbook,£12.34,4,9+£0.00,0,Food and Drink
The Flowers Lied,£16.68,2,9+£0.00,0,Default
The Fabric of the Cosmos,£55.91,1,9+£0.00,0,Science
The Book of Mormon,£24.57,3,9+£0.00,0,Religion
The Art and Science of Low Carbohydrate Living,£52.98,5,9+£0.00,0,Health
The Alien Club,£54.40,1,9+£0.00,0,Young Adult
Suzie Snowflake,£54.81,5,9+£0.00,0,Novels
Nap-a-Roo,£25.08,1,9+£0.00,0,Childrens
NaNo What Now,£10.41,4,9+£0.00,0,Default
Modern Day Fables,£47.44,2,9+£0.00,0,Default
If I Gave You God's Phone Number,£20.91,1,9+£0.00,0,Spirituality
"Fruits Basket, Vol",£33.95,4,9+£0.00,0,Sequential Art
Dress Your Family in Corduroy and Denim,£43.68,3,9+£0.00,0,Humor
Don't Forget Steven,£33.23,1,9+£0.00,0,Young Adult
Chernobyl 01,£35.92,2,9+£0.00,0,Nonfiction
Art and Fear,£48.63,4,9+£0.00,0,Art
A Shard of Ice ,£56.63,3,9+£0.00,0,Fantasy
A Hero's Curse ,£50.49,3,9+£0.00,0,Add a comment
23 Degrees South,£35.79,2,9+£0.00,0,Add a comment
Zero to One,£34.06,3,8+£0.00,0,Nonfiction
Why Not Me,£17.76,1,8+£0.00,0,Nonfiction
When Breath Becomes Air,£39.36,2,8+£0.00,0,Nonfiction
Vagabonding,£36.94,2,8+£0.00,0,Travel
The Unlikely Pilgrimage of Harold Fry ,£43.62,5,8+£0.00,0,Default
The New Drawing on the Right Side of the Brain,£43.02,3,8+£0.00,0,Art
The Midnight Assassin,£28.45,4,8+£0.00,0,Nonfiction
The Martian ,£41.39,2,8+£0.00,0,Default
The High Mountains of Portugal,£51.15,1,8+£0.00,0,Fiction
The Grownup,£35.88,1,8+£0.00,0,Short Stories
The E-Myth Revisited,£36.91,1,8+£0.00,0,Business
South of Sunshine,£28.93,1,8+£0.00,0,Young Adult
Smarter Faster Better,£38.89,5,8+£0.00,0,Nonfiction
Silence in the Dark ,£58.33,3,8+£0.00,0,Suspense
Shadows of the Past ,£39.67,5,8+£0.00,0,Christian Fiction
Roller Girl,£14.10,5,8+£0.00,0,Sequential Art
Rising Strong,£21.82,3,8+£0.00,0,Nonfiction
Proofs of God,£54.21,1,8+£0.00,0,Philosophy
Please Kill Me,£31.19,4,8+£0.00,0,Music
Out of Print,£53.64,5,8+£0.00,0,Poetry
My Life Next Door ,£36.39,5,8+£0.00,0,Young Adult
Miller's Valley,£58.54,2,8+£0.00,0,Fiction
Man's Search for Meaning,£29.48,3,8+£0.00,0,Nonfiction
Love That Boy,£25.06,2,8+£0.00,0,Nonfiction
Living Forward,£12.55,3,8+£0.00,0,Nonfiction
Les Fleurs du Mal,£29.04,5,8+£0.00,0,Poetry
Left Behind ,£40.72,2,8+£0.00,0,Default
Kill 'Em and Leave,£45.05,5,8+£0.00,0,Music
Kierkegaard,£47.13,1,8+£0.00,0,Philosophy
John Vassos,£20.22,4,8+£0.00,0,Default
I'll Give You the Sun,£56.48,1,8+£0.00,0,Default
I Will Find You,£44.21,1,8+£0.00,0,Nonfiction
Hystopia,£21.96,4,8+£0.00,0,Fiction
Howl and Other Poems,£40.45,2,8+£0.00,0,Poetry
History of Beauty,£10.29,4,8+£0.00,0,Art
Heaven is for Real,£52.86,2,8+£0.00,0,Default
Future Shock ,£55.65,5,8+£0.00,0,Young Adult
Ender's Game ,£43.64,1,8+£0.00,0,Default
Diary of a Citizen Scientist,£28.41,1,8+£0.00,0,Science
Death by Leisure,£37.51,4,8+£0.00,0,Default
Brilliant Beacons,£11.45,3,8+£0.00,0,History
Brazen,£19.22,2,8+£0.00,0,Nonfiction
Between the World and Me,£56.91,4,8+£0.00,0,Nonfiction
Being Mortal,£55.06,4,8+£0.00,0,Nonfiction
A Murder Over a Girl,£13.20,3,8+£0.00,0,Nonfiction
32 Yolks,£53.63,2,8+£0.00,0,Food and Drink
"""Most Blessed of the Patriarchs""",£44.48,5,8+£0.00,0,History
You Are a Badass,£12.08,3,7+£0.00,0,Self Help
Wildlife of New York,£22.14,2,7+£0.00,0,Default
What Happened on Beale Street ,£25.37,5,7+£0.00,0,Mystery
Unreasonable Hope,£46.33,2,7+£0.00,0,Spirituality
Under the Tuscan Sun,£37.33,3,7+£0.00,0,Travel
Toddlers Are A**holes,£25.55,1,7+£0.00,0,Humor
The Year of Living Biblically,£34.72,1,7+£0.00,0,Default
The Whale,£35.96,4,7+£0.00,0,Childrens
The Story of Art,£41.14,4,7+£0.00,0,Art
The Origin of Species,£10.01,4,7+£0.00,0,Science
The Great Gatsby,£36.05,4,7+£0.00,0,Default
The Good Girl,£49.03,3,7+£0.00,0,Default
The Glass Castle,£16.24,1,7+£0.00,0,Add a comment
The Faith of Christopher Hitchens,£39.55,1,7+£0.00,0,Biography
The Drowning Girls,£35.67,3,7+£0.00,0,Add a comment
The Constant Princess ,£16.62,3,7+£0.00,0,Historical Fiction
The Bourne Identity ,£42.78,4,7+£0.00,0,Fiction
The Bachelor Girl's Guide to Murder ,£52.30,5,7+£0.00,0,Mystery
The Art Book,£32.34,2,7+£0.00,0,Art
The 7 Habits of Highly Effective People,£33.17,4,7+£0.00,0,Default
Team of Rivals,£20.12,5,7+£0.00,0,Add a comment
Steal Like an Artist,£20.90,2,7+£0.00,0,Default
"Sit, Stay, Love",£20.90,3,7+£0.00,0,Romance
Sister Dear,£40.20,4,7+£0.00,0,Fiction
Shrunken Treasures,£52.87,3,7+£0.00,0,Childrens
"Rich Dad, Poor Dad",£51.74,1,7+£0.00,0,Business
Raymie Nightingale,£34.41,2,7+£0.00,0,Childrens
Playing from the Heart,£32.38,1,7+£0.00,0,Childrens
Nightstruck,£50.35,4,7+£0.00,0,Young Adult
Naturally Lean,£11.38,5,7+£0.00,0,Food and Drink
Meternity,£43.58,3,7+£0.00,0,Womens Fiction
Memoirs of a Geisha,£49.67,3,7+£0.00,0,Fiction
Like Never Before ,£28.77,2,7+£0.00,0,Christian Fiction
Life of Pi,£13.22,4,7+£0.00,0,Default
Leave This Song Behind,£51.17,5,7+£0.00,0,Poetry
King's Folly ,£39.61,5,7+£0.00,0,Fantasy
John Adams,£57.43,4,7+£0.00,0,Add a comment
How to Cook Everything Vegetarian,£46.01,4,7+£0.00,0,Food and Drink
How to Be a Domestic Goddess,£28.25,2,7+£0.00,0,Food and Drink
Good in Bed ,£37.05,5,7+£0.00,0,Add a comment
"Fruits Basket, Vol",£19.57,1,7+£0.00,0,Sequential Art
For the Love,£45.13,3,7+£0.00,0,Nonfiction
Finding God in the Ruins,£46.64,2,7+£0.00,0,Nonfiction
Every Heart a Doorway ,£12.16,5,7+£0.00,0,Fantasy
Delivering the Truth ,£20.89,4,7+£0.00,0,Mystery
Counted With the Stars ,£17.97,5,7+£0.00,0,Christian Fiction
"Chronicles, Vol",£52.60,2,7+£0.00,0,Music
Blue Like Jazz,£25.77,1,7+£0.00,0,Christian
Benjamin Franklin,£48.19,3,7+£0.00,0,Biography
At The Existentialist CafÃ©,£29.93,5,7+£0.00,0,Philosophy
A Summer In Europe,£44.34,2,7+£0.00,0,Travel
A Short History of Nearly Everything,£52.40,5,7+£0.00,0,History
A Gathering of Shadows ,£44.81,4,7+£0.00,0,Fantasy
The Sound Of Love,£57.84,5,6+£0.00,0,Default
The Rise and Fall of the Third Reich,£39.67,2,6+£0.00,0,History
The Perks of Being a Wallflower,£55.02,3,6+£0.00,0,Default
The Mysterious Affair at Styles ,£24.80,4,6+£0.00,0,Mystery
The Man Who Mistook His Wife for a Hat and Other Clinical Tales,£59.45,4,6+£0.00,0,Nonfiction
The Makings of a Fatherless Child,£31.58,2,6+£0.00,0,Default
The Joy of Cooking,£43.27,4,6+£0.00,0,Add a comment
The Invention of Wings,£37.34,1,6+£0.00,0,Historical Fiction
The Hobbit ,£17.80,5,6+£0.00,0,Default
The Great Railway Bazaar,£30.54,1,6+£0.00,0,Travel
The Golden Compass ,£18.77,1,6+£0.00,0,Add a comment
The God Delusion,£46.85,3,6+£0.00,0,Add a comment
The Girl You Left Behind ,£15.79,1,6+£0.00,0,Historical
The Fellowship of the Ring ,£10.27,2,6+£0.00,0,Default
The Collected Poems of W,£15.42,5,6+£0.00,0,Poetry
The Barefoot Contessa Cookbook,£59.92,5,6+£0.00,0,Food and Drink
Tell the Wolves I'm Home,£50.96,2,6+£0.00,0,Young Adult
Ship Leaves Harbor,£30.60,3,6+£0.00,0,Default
Pride and Prejudice,£19.27,4,6+£0.00,0,Add a comment
Musicophilia,£46.58,1,6+£0.00,0,Default
Mere Christianity,£48.51,3,6+£0.00,0,Add a comment
Me Before You ,£19.02,1,6+£0.00,0,Fiction
In the Woods ,£38.38,2,6+£0.00,0,Mystery
In Cold Blood,£49.98,4,6+£0.00,0,Nonfiction
How to Stop Worrying and Start Living,£46.49,5,6+£0.00,0,Self Help
Give It Back,£18.32,2,6+£0.00,0,Thriller
"Girl, Interrupted",£42.14,3,6+£0.00,0,Nonfiction
Fun Home,£56.59,4,6+£0.00,0,Add a comment
"Fruits Basket, Vol",£20.96,4,6+£0.00,0,Sequential Art
Deception Point,£40.32,4,6+£0.00,0,Fiction
"Death Note, Vol",£36.39,3,6+£0.00,0,Sequential Art
Catherine the Great,£58.55,4,6+£0.00,0,History
Better Homes and Gardens New Cook Book,£39.61,3,6+£0.00,0,Food and Drink
An Unquiet Mind,£21.30,3,6+£0.00,0,Psychology
A Year in Provence ,£56.88,4,6+£0.00,0,Travel
World Without End ,£32.97,4,5+£0.00,0,Historical Fiction
"Will Grayson, Will Grayson ",£47.31,4,5+£0.00,0,Young Adult
Why Save the Bankers,£48.67,2,5+£0.00,0,Nonfiction
Where She Went ,£41.73,4,5+£0.00,0,Young Adult
What If,£53.68,4,5+£0.00,0,Default
Two Summers,£14.64,1,5+£0.00,0,Young Adult
This Is Your Brain on Music,£38.40,1,5+£0.00,0,Music
The Secret Garden,£15.08,4,5+£0.00,0,Classics
The Raven King ,£30.57,2,5+£0.00,0,Add a comment
The Raven Boys ,£57.74,4,5+£0.00,0,Fantasy
The Power Greens Cookbook,£11.05,5,5+£0.00,0,Food and Drink
The Metamorphosis,£28.58,1,5+£0.00,0,Classics
The Mathews Men,£42.91,5,5+£0.00,0,History
The Little Paris Bookshop,£24.73,3,5+£0.00,0,Fiction
The Hiding Place,£55.91,4,5+£0.00,0,History
The Grand Design,£13.76,3,5+£0.00,0,Science
The Firm,£45.56,3,5+£0.00,0,Fiction
The Fault in Our Stars,£47.22,1,5+£0.00,0,Default
The False Prince ,£56.00,5,5+£0.00,0,Fantasy
The Expatriates,£44.58,2,5+£0.00,0,Fiction
The Dream Thieves ,£34.50,1,5+£0.00,0,Default
The Darkest Corners,£11.33,5,5+£0.00,0,Young Adult
The Crossover,£38.77,4,5+£0.00,0,Poetry
The 5th Wave ,£11.83,2,5+£0.00,0,Default
Tell the Wind and Fire,£45.51,3,5+£0.00,0,Fantasy
Tell Me Three Things,£41.81,1,5+£0.00,0,Young Adult
Talking to Girls About Duran Duran,£25.15,4,5+£0.00,0,Nonfiction
Siddhartha,£34.22,5,5+£0.00,0,Fiction
Shiver ,£16.23,5,5+£0.00,0,Default
Remember Me,£11.48,3,5+£0.00,0,Default
Red Dragon ,£23.37,3,5+£0.00,0,Horror
Peak,£16.28,2,5+£0.00,0,Science
My Mother Was Nuts,£31.63,4,5+£0.00,0,Nonfiction
Mexican Today,£24.91,5,5+£0.00,0,Food and Drink
Maybe Something Beautiful,£22.54,1,5+£0.00,0,Childrens
Lola and the Boy Next Door ,£23.63,4,5+£0.00,0,Young Adult
Logan Kade ,£13.12,2,5+£0.00,0,Academic
Last One Home ,£59.98,3,5+£0.00,0,Fiction
Killing Floor ,£31.49,4,5+£0.00,0,Thriller
Kill the Boy Band,£15.52,5,5+£0.00,0,Young Adult
Isla and the Happily Ever After ,£48.13,5,5+£0.00,0,Young Adult
If I Stay ,£38.13,5,5+£0.00,0,Default
I Know Why the Caged Bird Sings ,£36.55,2,5+£0.00,0,Default
Harry Potter and the Deathly Hallows ,£23.32,1,5+£0.00,0,Default
"Fruits Basket, Vol",£16.33,1,5+£0.00,0,Sequential Art
Foundation ,£32.42,1,5+£0.00,0,Science Fiction
Fool Me Once,£16.96,1,5+£0.00,0,Default
Find Her ,£22.37,1,5+£0.00,0,Add a comment
Evicted,£42.27,1,5+£0.00,0,Add a comment
Drama,£38.70,2,5+£0.00,0,Default
Dracula the Un-Dead,£35.63,5,5+£0.00,0,Horror
Digital Fortress,£58.00,5,5+£0.00,0,Fiction
"Death Note, Vol",£52.41,1,5+£0.00,0,Sequential Art
"Data, A Love Story",£32.35,3,5+£0.00,0,Nonfiction
Critique of Pure Reason,£20.75,1,5+£0.00,0,Philosophy
Booked,£17.49,5,5+£0.00,0,Poetry
"Blue Lily, Lily Blue ",£34.13,5,5+£0.00,0,Default
Approval Junkie,£58.81,5,5+£0.00,0,Autobiography
An Abundance of Katherines,£10.00,5,5+£0.00,0,Young Adult
America's War for the Greater Middle East,£51.22,2,5+£0.00,0,History
Alight ,£58.59,4,5+£0.00,0,Default
A Girl's Guide to Moving On ,£31.30,1,5+£0.00,0,Romance
A Game of Thrones ,£46.42,2,5+£0.00,0,Add a comment
A Feast for Crows ,£17.21,4,5+£0.00,0,Fantasy
A Clash of Kings ,£10.79,3,5+£0.00,0,Add a comment
Vogue Colors A to Z,£52.35,4,4+£0.00,0,Default
The Shining ,£27.88,3,4+£0.00,0,Default
The Pilgrim's Progress,£50.26,2,4+£0.00,0,Classics
The Perfect Play ,£59.99,3,4+£0.00,0,Romance
The Passion of Dolssa,£28.32,5,4+£0.00,0,Historical Fiction
The Jazz of Physics,£38.71,3,4+£0.00,0,Nonfiction
The Hunger Games ,£29.85,5,4+£0.00,0,Default
The Hound of the Baskervilles ,£14.82,2,4+£0.00,0,Classics
The Gunning of America,£16.81,4,4+£0.00,0,Nonfiction
The Geography of Bliss,£28.23,2,4+£0.00,0,Nonfiction
The Demonists ,£52.11,2,4+£0.00,0,Fantasy
"The Demon Prince of Momochi House, Vol",£27.88,2,4+£0.00,0,Sequential Art
The Bone Hunters ,£59.71,3,4+£0.00,0,Thriller
The Beast ,£46.08,5,4+£0.00,0,Fantasy
Some Women,£13.73,5,4+£0.00,0,Womens Fiction
Shopaholic Ties the Knot ,£48.39,5,4+£0.00,0,Womens Fiction
Paper and Fire ,£49.45,5,4+£0.00,0,Fantasy
Outlander ,£19.67,5,4+£0.00,0,Default
Orchestra of Exiles,£12.36,3,4+£0.00,0,Music
No One Here Gets Out Alive,£20.02,5,4+£0.00,0,Music
Night Shift ,£12.75,4,4+£0.00,0,Horror
Needful Things,£47.51,4,4+£0.00,0,Horror
Mockingjay ,£20.44,4,4+£0.00,0,Default
Misery,£34.79,2,4+£0.00,0,Horror
Little Women ,£28.07,4,4+£0.00,0,Classics
It,£25.01,3,4+£0.00,0,Horror
Harry Potter and the Sorcerer's Stone ,£13.90,3,4+£0.00,0,Default
Harry Potter and the Prisoner of Azkaban ,£24.17,4,4+£0.00,0,Young Adult
Harry Potter and the Order of the Phoenix ,£31.63,4,4+£0.00,0,Fantasy
Harry Potter and the Half-Blood Prince ,£48.75,5,4+£0.00,0,Fantasy
Harry Potter and the Chamber of Secrets ,£14.74,1,4+£0.00,0,Fantasy
Gone with the Wind,£32.49,3,4+£0.00,0,Classics
God Is Not Great,£27.80,1,4+£0.00,0,Nonfiction
Girl With a Pearl Earring,£26.77,1,4+£0.00,0,Historical Fiction
"Fruits Basket, Vol",£50.44,4,4+£0.00,0,Sequential Art
Far From True ,£34.93,2,4+£0.00,0,Thriller
Dark Lover ,£12.87,1,4+£0.00,0,Romance
Confessions of a Shopaholic ,£48.94,2,4+£0.00,0,Default
Changing the Game ,£13.38,3,4+£0.00,0,Romance
Candide,£58.63,3,4+£0.00,0,Classics
Can You Keep a Secret,£21.94,1,4+£0.00,0,Womens Fiction
Atlas Shrugged,£26.58,5,4+£0.00,0,Fiction
Animal Farm,£57.22,3,4+£0.00,0,Classics
A Walk to Remember,£56.43,1,4+£0.00,0,Romance
A New Earth,£55.65,5,4+£0.00,0,Spirituality
A History of God,£27.62,1,4+£0.00,0,Religion
'Salem's Lot,£49.56,4,4+£0.00,0,Horror
Zero History ,£34.77,1,3+£0.00,0,Default
Wuthering Heights,£17.73,3,3+£0.00,0,Classics
World War Z,£21.80,1,3+£0.00,0,Default
Wild,£46.02,3,3+£0.00,0,Default
"Where'd You Go, Bernadette",£18.13,1,3+£0.00,0,Default
When You Are Engulfed in Flames,£30.89,5,3+£0.00,0,Humor
We the People,£31.95,3,3+£0.00,0,Nonfiction
We Are All Completely Beside Ourselves,£24.04,1,3+£0.00,0,Contemporary
Walk the Edge ,£32.36,3,3+£0.00,0,Young Adult
Voyager ,£21.07,5,3+£0.00,0,Historical Fiction
Very Good Lives,£50.66,3,3+£0.00,0,Nonfiction
Vegan Vegetarian Omnivore,£13.66,2,3+£0.00,0,Food and Drink
Unstuffed,£58.09,1,3+£0.00,0,Nonfiction
Under the Banner of Heaven,£30.00,1,3+£0.00,0,Nonfiction
Two Boys Kissing,£32.74,2,3+£0.00,0,Young Adult
Twilight ,£41.93,2,3+£0.00,0,Default
Twenties Girl,£42.80,2,3+£0.00,0,Womens Fiction
Trespassing Across America,£53.51,1,3+£0.00,0,Nonfiction
Three-Martini Lunch,£23.21,3,3+£0.00,0,Fiction
"Thinking, Fast and Slow",£21.14,1,3+£0.00,0,Psychology
The Wild Robot,£56.07,3,3+£0.00,0,Childrens
"The Wicked + The Divine, Vol",£14.41,3,3+£0.00,0,Sequential Art
The Undomestic Goddess,£45.75,4,3+£0.00,0,Womens Fiction
The Travelers,£15.77,1,3+£0.00,0,Thriller
The Tipping Point,£10.02,2,3+£0.00,0,Add a comment
The Thing About Jellyfish,£48.77,1,3+£0.00,0,Childrens
The Stand,£57.86,2,3+£0.00,0,Horror
The Smitten Kitchen Cookbook,£23.59,1,3+£0.00,0,Food and Drink
The Silkworm ,£23.05,5,3+£0.00,0,Mystery
"The Sandman, Vol",£55.55,5,3+£0.00,0,Sequential Art
The Rose & the Dagger ,£58.64,4,3+£0.00,0,Fantasy
The Road to Little Dribbling,£23.21,1,3+£0.00,0,Travel
The Rise of Theodore Roosevelt ,£42.57,3,3+£0.00,0,Biography
The Restaurant at the End of the Universe ,£10.92,1,3+£0.00,0,Science Fiction
The Rest Is Noise,£34.77,1,3+£0.00,0,Add a comment
The Red Tent,£35.66,5,3+£0.00,0,Historical Fiction
The Purpose Driven Life,£37.19,3,3+£0.00,0,Add a comment
The Purest Hook ,£12.25,1,3+£0.00,0,Romance
The Picture of Dorian Gray,£29.70,2,3+£0.00,0,Classics
The Paris Wife,£36.80,3,3+£0.00,0,Default
The Obsession,£45.43,1,3+£0.00,0,Romance
The Nightingale,£26.26,4,3+£0.00,0,Fiction
The New Guy ,£44.92,3,3+£0.00,0,Young Adult
The Nanny Diaries ,£52.53,5,3+£0.00,0,Womens Fiction
The Name of God is Mercy,£37.25,2,3+£0.00,0,Nonfiction
The Maze Runner ,£20.93,1,3+£0.00,0,Default
The Lover's Dictionary,£58.09,2,3+£0.00,0,Default
The Lonely Ones,£43.59,5,3+£0.00,0,Childrens
The Lean Startup,£33.92,3,3+£0.00,0,Business
The Last Painting of Sara de Vos,£55.55,2,3+£0.00,0,Historical Fiction
"The Land of 10,000 Madonnas",£29.64,4,3+£0.00,0,Young Adult
The Infinities,£27.41,1,3+£0.00,0,Fiction
The Husband's Secret,£52.51,5,3+£0.00,0,Fiction
The Hitchhiker's Guide to the Galaxy ,£47.80,3,3+£0.00,0,Add a comment
The Guns of August,£14.54,2,3+£0.00,0,History
The Guernsey Literary and Potato Peel Pie Society,£49.53,1,3+£0.00,0,Historical Fiction
The Goldfinch,£43.58,3,3+£0.00,0,Default
The Giver ,£12.30,1,3+£0.00,0,Default
The Girl with All the Gifts,£49.47,3,3+£0.00,0,Horror
The Girl Who Played with Fire ,£22.14,2,3+£0.00,0,Default
The Girl Who Kicked the Hornet's Nest ,£57.48,1,3+£0.00,0,Add a comment
The Exiled,£43.45,3,3+£0.00,0,Mystery
The End of Faith,£22.13,4,3+£0.00,0,Add a comment
The Elegant Universe,£13.03,4,3+£0.00,0,Science
The Disappearing Spoon,£57.35,5,3+£0.00,0,Science
The Devil Wears Prada ,£44.29,1,3+£0.00,0,Womens Fiction
The Demon-Haunted World,£52.25,4,3+£0.00,0,Default
The Day the Crayons Came Home ,£26.33,5,3+£0.00,0,Childrens
The Da Vinci Code ,£22.96,2,3+£0.00,0,Fiction
The Cuckoo's Calling ,£19.21,1,3+£0.00,0,Mystery
The Complete Stories and Poems ,£26.78,4,3+£0.00,0,Classics
The Complete Poems,£41.32,5,3+£0.00,0,Add a comment
The Catcher in the Rye,£24.55,1,3+£0.00,0,Add a comment
The Cat in the Hat ,£16.26,2,3+£0.00,0,Childrens
The Case for Christ ,£47.84,1,3+£0.00,0,Add a comment
The Book Thief,£53.49,2,3+£0.00,0,Default
The Book of Basketball,£44.84,5,3+£0.00,0,Sports and Games
The Blind Side,£53.71,5,3+£0.00,0,Add a comment
The Autobiography of Malcolm X,£23.43,2,3+£0.00,0,Default
The Art of Simple Food,£34.32,3,3+£0.00,0,Food and Drink
The Art of Fielding,£22.10,1,3+£0.00,0,Fiction
"Surely You're Joking, Mr",£25.83,2,3+£0.00,0,Science
Stiff,£36.74,3,3+£0.00,0,Nonfiction
Spilled Milk,£49.51,1,3+£0.00,0,Nonfiction
Something Borrowed ,£48.96,5,3+£0.00,0,Womens Fiction
Something Blue ,£54.62,1,3+£0.00,0,Womens Fiction
Soldier ,£24.72,2,3+£0.00,0,Fantasy
Shopaholic & Baby ,£46.45,2,3+£0.00,0,Default
Seven Days in the Art World,£52.33,2,3+£0.00,0,Add a comment
Seven Brief Lessons on Physics,£30.60,4,3+£0.00,0,Science
Scarlet ,£14.57,4,3+£0.00,0,Young Adult
Sarah's Key,£46.29,1,3+£0.00,0,Add a comment
"Saga, Volume 3 ",£21.57,5,3+£0.00,0,Sequential Art
Running with Scissors,£12.91,4,3+£0.00,0,Autobiography
Rogue Lawyer ,£50.11,3,3+£0.00,0,Add a comment
Rise of the Rocket Girls,£41.67,4,3+£0.00,0,Nonfiction
Rework,£44.88,2,3+£0.00,0,Business
Reservations for Two,£11.10,3,3+£0.00,0,Romance
Red,£28.54,3,3+£0.00,0,Childrens
Ready Player One,£19.07,4,3+£0.00,0,Science Fiction
Quiet,£43.55,1,3+£0.00,0,Default
Prodigy,£43.63,3,3+£0.00,0,Sequential Art
Persepolis,£39.13,1,3+£0.00,0,Sequential Art
Packing for Mars,£56.68,2,3+£0.00,0,Default
Outliers,£14.16,1,3+£0.00,0,Nonfiction
Original Fake,£31.45,3,3+£0.00,0,Sequential Art
Orange Is the New Black,£24.61,2,3+£0.00,0,Default
One for the Money ,£32.87,2,3+£0.00,0,Default
Notes from a Small Island ,£40.17,1,3+£0.00,0,Nonfiction
Night ,£13.51,1,3+£0.00,0,Nonfiction
Neither Here nor There,£38.95,3,3+£0.00,0,Travel
Naked,£31.69,3,3+£0.00,0,Humor
Morning Star ,£29.40,1,3+£0.00,0,Default
Miracles from Heaven,£57.83,1,3+£0.00,0,Nonfiction
Midnight Riot ,£55.46,2,3+£0.00,0,Fantasy
Me Talk Pretty One Day,£57.60,2,3+£0.00,0,Autobiography
Manuscript Found in Accra,£34.98,2,3+£0.00,0,Add a comment
Lust & Wonder,£11.87,2,3+£0.00,0,Autobiography
Lila ,£12.47,3,3+£0.00,0,Fiction
"Life, the Universe and Everything ",£33.26,2,3+£0.00,0,Science Fiction
Life Without a Recipe,£59.04,5,3+£0.00,0,Autobiography
Life After Life,£26.13,2,3+£0.00,0,Default
Letter to a Christian Nation,£22.20,1,3+£0.00,0,Nonfiction
Let's Pretend This Never Happened,£45.11,1,3+£0.00,0,Nonfiction
Legend ,£43.69,4,3+£0.00,0,Young Adult
Lean In,£25.02,1,3+£0.00,0,Default
Lamb,£55.50,5,3+£0.00,0,Humor
Lady Renegades ,£53.04,5,3+£0.00,0,Young Adult
Jurassic Park ,£44.97,1,3+£0.00,0,Fiction
It's Never Too Late to Begin Again,£42.38,1,3+£0.00,0,Nonfiction
Is Everyone Hanging Out Without Me,£20.11,3,3+£0.00,0,Default
Into the Wild,£56.70,5,3+£0.00,0,Nonfiction
Inferno ,£41.00,5,3+£0.00,0,Fiction
In the Garden of Beasts,£28.85,3,3+£0.00,0,Nonfiction
If I Run ,£49.97,4,3+£0.00,0,Christian Fiction
I've Got Your Number,£19.69,1,3+£0.00,0,Womens Fiction
I Am Malala,£28.88,2,3+£0.00,0,Nonfiction
Hungry Girl Clean & Hungry,£33.14,3,3+£0.00,0,Food and Drink
House of Lost Worlds,£43.70,2,3+£0.00,0,History
House of Leaves,£54.89,1,3+£0.00,0,Horror
Horrible Bear,£37.52,2,3+£0.00,0,Childrens
Holidays on Ice,£51.07,2,3+£0.00,0,Humor
Heir to the Sky,£44.07,4,3+£0.00,0,Fantasy
Green Eggs and Ham ,£10.79,4,3+£0.00,0,Childrens
"Grayson, Vol 3",£42.72,1,3+£0.00,0,Sequential Art
Gratitude,£26.66,5,3+£0.00,0,Nonfiction
Gone Girl,£37.60,5,3+£0.00,0,Default
Golden ,£42.21,4,3+£0.00,0,Young Adult
Girl in the Blue Coat,£46.83,2,3+£0.00,0,Historical Fiction
"Fruits Basket, Vol",£45.17,2,3+£0.00,0,Sequential Art
Friday Night Lights,£51.22,3,3+£0.00,0,Sports and Games
Fire Bound ,£21.28,4,3+£0.00,0,Add a comment
Fifty Shades Freed ,£15.36,5,3+£0.00,0,Adult Fiction
Fellside,£38.62,1,3+£0.00,0,Default
Extreme Prey ,£25.40,3,3+£0.00,0,Mystery
Eragon ,£43.87,3,3+£0.00,0,Fantasy
Eclipse ,£18.74,1,3+£0.00,0,Default
Dune ,£54.86,1,3+£0.00,0,Science Fiction
Dracula,£52.62,3,3+£0.00,0,Default
Do Androids Dream of Electric Sheep,£51.48,1,3+£0.00,0,Science Fiction
Disrupted,£15.28,5,3+£0.00,0,Nonfiction
Dead Wake,£39.24,5,3+£0.00,0,Default
David and Goliath,£17.81,1,3+£0.00,0,Default
Darkfever ,£56.02,1,3+£0.00,0,Fantasy
Dark Places,£23.90,5,3+£0.00,0,Default
Crazy Rich Asians ,£49.13,5,3+£0.00,0,Fiction
Counting Thyme,£10.62,1,3+£0.00,0,Childrens
Cosmos,£36.17,2,3+£0.00,0,Add a comment
Civilization and Its Discontents,£59.95,2,3+£0.00,0,Psychology
Cinder ,£26.09,1,3+£0.00,0,Young Adult
Catastrophic Happiness,£37.35,2,3+£0.00,0,Parenting
Career of Evil ,£24.72,2,3+£0.00,0,Mystery
Breaking Dawn ,£35.28,5,3+£0.00,0,Default
Brave Enough,£51.32,5,3+£0.00,0,Nonfiction
Boy Meets Boy,£21.12,3,3+£0.00,0,Young Adult
Born to Run,£27.35,2,3+£0.00,0,Nonfiction
Blink,£21.74,5,3+£0.00,0,Nonfiction
Black Flags,£40.87,1,3+£0.00,0,Nonfiction
"Black Butler, Vol",£49.31,1,3+£0.00,0,Sequential Art
Big Little Lies,£22.11,1,3+£0.00,0,Fiction
Between Shades of Gray,£20.79,5,3+£0.00,0,Historical Fiction
Best of My Love ,£27.41,2,3+£0.00,0,Romance
Beowulf,£38.35,2,3+£0.00,0,Classics
Beautiful Creatures ,£21.55,5,3+£0.00,0,Default
Awkward,£38.02,2,3+£0.00,0,Sequential Art
Ash,£22.06,4,3+£0.00,0,Fantasy
Are We There Yet,£10.66,3,3+£0.00,0,Childrens
Are We Smart Enough to Know How Smart Animals Are,£56.58,1,3+£0.00,0,Nonfiction
Annie on My Mind,£36.83,5,3+£0.00,0,Young Adult
And Then There Were None,£35.01,2,3+£0.00,0,Classics
A Walk in the Woods,£30.48,4,3+£0.00,0,Nonfiction
A Visit from the Goon Squad,£14.08,5,3+£0.00,0,Default
A Storm of Swords ,£31.22,2,3+£0.00,0,Fantasy
A Heartbreaking Work of Staggering Genius,£54.29,5,3+£0.00,0,Autobiography
8 Keys to Mental Health Through Exercise,£31.04,1,3+£0.00,0,Psychology
#GIRLBOSS,£50.96,1,3+£0.00,0,Add a comment
The Suffragettes ,£11.89,2,2+£0.00,0,Nonfiction
The Sense of an Ending,£31.38,3,2+£0.00,0,Add a comment
"The Sandman, Vol",£54.81,1,2+£0.00,0,Sequential Art
The Course of Love,£16.78,3,2+£0.00,0,Fiction
Sugar Rush ,£24.42,1,2+£0.00,0,Sports and Games
"Saga, Volume 2 ",£11.75,3,2+£0.00,0,Sequential Art
"Run, Spot, Run",£20.02,1,2+£0.00,0,Philosophy
New Moon ,£12.86,4,2+£0.00,0,Young Adult
Life,£31.58,5,2+£0.00,0,Music
Kindle Paperwhite User's Guide,£34.00,3,2+£0.00,0,Nonfiction
H is for Hawk,£57.42,5,2+£0.00,0,Nonfiction
Girl Online On Tour ,£53.47,1,2+£0.00,0,Young Adult
"Fruits Basket, Vol",£11.64,5,2+£0.00,0,Sequential Art
Diary of a Minecraft Zombie Book 1,£52.88,4,2+£0.00,0,Childrens
Y,£18.51,4,1+£0.00,0,Sequential Art
While You Were Mine,£41.32,5,1+£0.00,0,Historical Fiction
Where Lightning Strikes ,£39.77,3,1+£0.00,0,Romance
When I'm Gone,£51.96,3,1+£0.00,0,Fiction
Ways of Seeing,£39.51,5,1+£0.00,0,Art
"Vampire Knight, Vol",£15.40,1,1+£0.00,0,Paranormal
Vampire Girl ,£53.82,2,1+£0.00,0,Fantasy
Twenty Love Poems and a Song of Despair,£30.95,4,1+£0.00,0,Poetry
Travels with Charley,£57.82,5,1+£0.00,0,Nonfiction
Three Wishes ,£44.18,2,1+£0.00,0,Science Fiction
This One Moment ,£48.71,1,1+£0.00,0,Romance
The Zombie Room,£19.69,5,1+£0.00,0,Default
"The Wicked + The Divine, Vol",£36.52,2,1+£0.00,0,Sequential Art
The Tumor,£41.56,5,1+£0.00,0,Nonfiction
The Story of Hong Gildong,£43.19,4,1+£0.00,0,Classics
The Silent Wife,£12.34,5,1+£0.00,0,Fiction
The Silent Twin ,£36.25,3,1+£0.00,0,Fantasy
The Selfish Gene,£29.45,1,1+£0.00,0,Science
The Secret Healer,£34.56,3,1+£0.00,0,Historical Fiction
"The Sandman, Vol",£54.12,3,1+£0.00,0,Sequential Art
The Republic,£33.78,3,1+£0.00,0,Add a comment
The Odyssey,£29.64,3,1+£0.00,0,Add a comment
The No,£57.70,4,1+£0.00,0,Mystery
The Nicomachean Ethics,£36.34,1,1+£0.00,0,Philosophy
The Name of the Wind ,£50.59,3,1+£0.00,0,Default
The Mirror & the Maze ,£29.38,1,1+£0.00,0,Fantasy
The Little Prince,£45.42,2,1+£0.00,0,Classics
The Light of the Fireflies,£54.43,1,1+£0.00,0,Add a comment
The Last Girl ,£36.26,2,1+£0.00,0,Science Fiction
The Iliad,£16.16,1,1+£0.00,0,Add a comment
The Hook Up ,£36.29,5,1+£0.00,0,New Adult
The Haters,£27.89,5,1+£0.00,0,Young Adult
The Girl You Lost,£12.29,5,1+£0.00,0,Mystery
The Girl In The Ice ,£15.85,3,1+£0.00,0,Mystery
The End of the Jesus Era ,£14.40,1,1+£0.00,0,Nonfiction
The Edge of Reason ,£19.18,4,1+£0.00,0,Womens Fiction
The Complete Maus ,£10.64,3,1+£0.00,0,Sequential Art
The Communist Manifesto,£14.76,3,1+£0.00,0,Add a comment
The Bhagavad Gita,£57.49,3,1+£0.00,0,Religion
The Bette Davis Club,£30.66,3,1+£0.00,0,Fiction
The Art of Not Breathing,£40.83,4,1+£0.00,0,Young Adult
Taking Shots ,£18.88,2,1+£0.00,0,Default
Starlark,£25.83,3,1+£0.00,0,Historical Fiction
Skip Beat,£42.12,3,1+£0.00,0,Sequential Art
Sister Sable ,£13.33,3,1+£0.00,0,Fantasy
Shatter Me ,£42.40,1,1+£0.00,0,Default
Shameless,£58.35,3,1+£0.00,0,New Adult
Shadow Rites ,£21.72,4,1+£0.00,0,Fantasy
Settling the Score ,£44.91,2,1+£0.00,0,Sports and Games
Sense and Sensibility,£37.46,1,1+£0.00,0,Classics
"Saga, Volume 1 ",£28.48,1,1+£0.00,0,Sequential Art
"Rhythm, Chord & Malykhin",£28.34,2,1+£0.00,0,Romance
"Rat Queens, Vol",£46.96,5,1+£0.00,0,Sequential Art
Paradise Lost ,£24.96,1,1+£0.00,0,Default
"Paper Girls, Vol",£21.71,4,1+£0.00,0,Sequential Art
"Ouran High School Host Club, Vol",£29.87,3,1+£0.00,0,Sequential Art
Origins ,£28.99,1,1+£0.00,0,Fantasy
One Second ,£52.94,2,1+£0.00,0,Fantasy
On the Road ,£32.36,3,1+£0.00,0,Default
Old Records Never Die,£55.66,2,1+£0.00,0,Music
Off Sides ,£39.45,5,1+£0.00,0,New Adult
Of Mice and Men,£47.11,2,1+£0.00,0,Classics
Myriad ,£58.75,4,1+£0.00,0,Fantasy
My Perfect Mistake ,£38.92,2,1+£0.00,0,Romance
Ms,£39.39,4,1+£0.00,0,Sequential Art
Meditations,£25.89,2,1+£0.00,0,Philosophy
Matilda,£28.34,1,1+£0.00,0,Childrens
Lost Among the Living,£27.70,4,1+£0.00,0,Historical Fiction
Lord of the Flies,£24.89,3,1+£0.00,0,Add a comment
Listen to Me ,£58.99,3,1+£0.00,0,Romance
Kitchens of the Great Midwest,£57.20,5,1+£0.00,0,Fiction
Jane Eyre,£38.43,5,1+£0.00,0,Default
Imperfect Harmony,£34.74,4,1+£0.00,0,Romance
Icing ,£40.44,4,1+£0.00,0,Sports and Games
"Hawkeye, Vol",£45.24,3,1+£0.00,0,Sequential Art
Having the Barbarian's Baby ,£34.96,4,1+£0.00,0,Science Fiction
"Giant Days, Vol",£56.76,4,1+£0.00,0,Sequential Art
"Fruits Basket, Vol",£40.28,5,1+£0.00,0,Sequential Art
Frankenstein,£38.00,2,1+£0.00,0,Default
Forever Rockers ,£28.80,3,1+£0.00,0,Music
Fighting Fate ,£39.24,3,1+£0.00,0,Romance
Emma,£32.93,2,1+£0.00,0,Classics
"Eat, Pray, Love",£51.32,3,1+£0.00,0,Nonfiction
Deep Under ,£47.09,5,1+£0.00,0,Romance
Choosing Our Religion,£28.42,4,1+£0.00,0,Religion
Charlie and the Chocolate Factory ,£22.85,3,1+£0.00,0,Childrens
Charity's Cross ,£41.24,1,1+£0.00,0,Romance
Bright Lines,£39.07,5,1+£0.00,0,Fiction
Bridget Jones's Diary ,£29.82,1,1+£0.00,0,Womens Fiction
Bounty ,£37.26,4,1+£0.00,0,Romance
Blood Defense ,£20.30,3,1+£0.00,0,Mystery
"Bleach, Vol",£34.65,5,1+£0.00,0,Sequential Art
Beyond Good and Evil,£43.38,1,1+£0.00,0,Philosophy
Alice in Wonderland ,£55.53,1,1+£0.00,0,Classics
Ajin,£57.06,4,1+£0.00,0,Sequential Art
A Spy's Devotion ,£16.97,5,1+£0.00,0,Historical Fiction
1st to Die ,£53.98,1,1+£0.00,0,Mystery
"1,000 Places to See Before You Die",£26.08,5,1+£0.00,0,Travel
